"subject_id","subject_sex","subject_age","write_datetime"
"A","male",20,"2023-01-26 19:01:05.373472"
"B","male",20,"2023-01-26 19:01:21.110771"
"C","male",25,"2023-01-26 19:01:30.697211"
"D","male",25,"2023-01-26 19:01:36.817877"
"E","female",20,"2023-01-26 19:01:53.336149"
"F","male",30,"2023-01-26 19:02:19.152026"
"G","male",30,"2023-01-26 19:02:33.751839"
"H","male",20,"2023-01-26 19:02:44.584149"
"I","female",20,"2023-01-26 19:02:51.419263"
"J","female",20,"2023-01-26 19:03:00.898906"
"K","male",20,"2023-01-26 19:03:10.67287"
"L","female",20,"2023-01-26 19:03:20.389938"
"M","female",20,"2023-01-26 19:03:26.026341"
